[
  {
    "id": "93078594-b291-483a-9edf-fcf3fc5fd4d2",
    "data": [
      {
        "text": "tell me best ",
        "userDefined": false
      },
      {
        "text": "lawyers",
        "alias": "members",
        "meta": "@members",
        "userDefined": false
      },
      {
        "text": " in ",
        "userDefined": false
      },
      {
        "text": "india",
        "alias": "geolocation",
        "meta": "@geolocation",
        "userDefined": false
      }
    ],
    "isTemplate": false,
    "count": 0
  },
  {
    "id": "4c0a231b-49e0-4f4d-9044-6838a1444d59",
    "data": [
      {
        "text": "tell me best ",
        "userDefined": false
      },
      {
        "text": "lawyers",
        "alias": "members",
        "meta": "@members",
        "userDefined": false
      },
      {
        "text": " in ",
        "userDefined": false
      },
      {
        "text": "jodhpur",
        "alias": "geolocation",
        "meta": "@geolocation",
        "userDefined": false
      },
      {
        "text": " ",
        "userDefined": false
      },
      {
        "text": "City",
        "alias": "geolocation1",
        "meta": "@geolocation",
        "userDefined": false
      }
    ],
    "isTemplate": false,
    "count": 0
  }
]