[
  {
    "id": "2cb8ff2e-6e0b-47dd-8c54-3e606a58f527",
    "data": [
      {
        "text": "next date for case ?",
        "userDefined": false
      }
    ],
    "isTemplate": false,
    "count": 0
  },
  {
    "id": "871eeae2-1df5-4811-9f33-ecc4b4f4ec54",
    "data": [
      {
        "text": "Tell me about my ",
        "userDefined": false
      },
      {
        "text": "hearing",
        "alias": "law_services",
        "meta": "@law_services",
        "userDefined": false
      },
      {
        "text": " ?",
        "userDefined": false
      }
    ],
    "isTemplate": false,
    "count": 0
  }
]