[
  {
    "id": "c41ee16c-2e74-4705-a336-0dd3928a4c0f",
    "data": [
      {
        "text": "want to hire a ",
        "userDefined": false
      },
      {
        "text": "lawyer",
        "alias": "members",
        "meta": "@members",
        "userDefined": false
      },
      {
        "text": " tell me about them ?",
        "userDefined": false
      }
    ],
    "isTemplate": false,
    "count": 0
  },
  {
    "id": "6c37674c-e104-4a31-b9a2-634fcefb41a0",
    "data": [
      {
        "text": "Top ",
        "userDefined": false
      },
      {
        "text": "lawyers",
        "alias": "members",
        "meta": "@members",
        "userDefined": false
      },
      {
        "text": "  ?",
        "userDefined": false
      }
    ],
    "isTemplate": false,
    "count": 0
  }
]